Id_product,Id_bill
1,1
2,2
3,3
4,4
5,5
6,6
7,7
8,8
9,9
1,10
1,11
10,12
11,13
12,14
13,15
14,16
15,17
16,18
17,19
18,20
1,21
19,22
19,23
20,24
21,25
21,26
22,27
23,28
24,29
25,30
26,31
27,32
24,33
24,34
28,35
29,36
29,37
29,38
30,39
29,40
29,41
21,42
6,43
31,44
32,45
33,46
17,47
28,48
17,49
34,50
35,51
36,52
1,53
37,54
38,55
39,56
4,57
40,58
41,59
11,60
4,61
42,62
43,63
11,64
43,65
44,66
45,67
46,68
46,69
47,70
48,71
49,72
50,73
51,74
52,75
26,76
53,77
54,78
6,79
43,80
55,81
56,82
56,83
57,84
56,85
58,86
47,87
46,88
59,89
60,90
61,91
62,92
63,93
12,94
64,95
54,96
65,97
66,98
67,99
68,100
11,101
4,102
36,103
46,104
69,105
43,106
64,107
70,108
26,109
5,110
5,111
71,112
72,113
26,114
26,115
73,116
74,117
75,118
39,119
76,120
66,121
46,122
77,123
12,124
4,125
78,126
69,127
79,128
80,129
43,130
81,131
46,132
65,133
36,134
82,135
36,136
7,137
22,138
4,139
83,140
4,141
84,142
85,143
86,144
43,145
42,146
54,147
87,148
88,149
66,150
89,151
90,152
91,153
92,154
23,155
93,156
16,157
16,158
94,159
66,160
95,161
53,162
52,163
66,164
67,165
96,166
96,167
97,168
97,169
97,170
98,171
99,172
99,173
100,174
64,175
101,176
1,177
36,178
1,179
80,180
11,181
102,182
103,183
104,184
105,185
46,186
26,187
43,188
106,189
106,190
106,191
106,192
76,193
107,194
108,195
42,196
6,197
103,198
109,199
109,200
110,201
41,202
45,203
41,204
3,205
4,206
111,207
112,208
113,209
114,210
43,211
115,212
116,213
117,214
118,215
119,216
120,217
121,218
29,219
122,220
118,221
15,222
24,223
61,224
123,225
92,226
124,227
57,228
83,229
83,230
85,231
83,232
83,233
83,234
83,235
83,236
104,237
83,238
83,239
64,240
83,241
83,242
125,243
1,244
31,245
126,246
1,247
1,248
86,249
53,250
127,251
104,252
128,253
52,254
129,255
52,256
130,257
86,258
131,259
11,260
132,261
43,262
133,263
80,264
118,265
99,266
132,267
134,268
99,269
99,270
99,271
99,272
99,273
135,274
136,275
53,276
11,277
137,278
108,279
138,280
139,281
121,282
94,283
53,284
140,285
141,286
142,287
1,288
143,289
144,290
47,291
22,292
145,293
146,294
42,295
147,296
65,297
17,298
105,299
127,300
43,301
126,302
23,303
106,304
23,305
23,306
27,307
148,308
149,309
150,310
151,311
152,312
153,313
154,314
65,315
2,316
65,317
65,318
154,319
65,320
32,321
32,322
32,323
32,324
86,325
65,326
65,327
32,328
76,329
46,330
21,331
73,332
80,333
155,334
19,335
125,336
30,337
156,338
98,339
148,340
157,341
69,342
22,343
158,344
22,345
159,346
86,347
7,348
20,349
69,350
26,351
69,352
87,353
17,354
115,355
160,356
43,357
110,358
43,359
118,360
161,361
7,362
162,363
125,364
163,365
7,366
164,367
101,368
102,369
7,370
7,371
92,372
165,373
96,374
96,375
152,376
7,377
166,378
87,379
26,380
167,381
168,382
97,383
147,384
169,385
37,386
69,387
170,388
37,389
99,390
84,391
17,392
7,393
104,394
21,395
21,396
171,397
67,398
172,399
173,400
86,401
129,402
151,403
174,404
140,405
175,406
101,407
7,408
2,409
142,410
2,411
2,412
176,413
2,414
2,415
2,416
157,417
177,418
141,419
37,420
178,421
104,422
179,423
65,424
90,425
76,426
96,427
83,428
4,429
157,430
47,431
140,432
52,433
140,434
180,435
181,436
182,437
125,438
125,439
21,440
125,441
41,442
183,443
36,444
125,445
86,446
183,447
184,448
174,449
38,450
185,451
186,452
26,453
9,454
27,455
126,456
104,457
73,458
64,459
76,460
33,461
97,462
97,463
187,464
126,465
188,466
98,467
99,468
33,469
126,470
184,471
93,472
90,473
126,474
121,475
189,476
43,477
22,478
189,479
17,480
69,481
7,482
5,483
164,484
36,485
80,486
93,487
190,488
43,489
127,490
84,491
17,492
64,493
5,494
12,495
53,496
104,497
5,498
130,499
64,500
47,501
191,502
192,503
103,504
193,505
193,506
194,507
195,508
120,509
45,510
47,511
175,512
12,513
184,514
86,515
43,516
17,517
54,518
95,519
177,520
140,521
22,522
7,523
140,524
75,525
140,526
92,527
41,528
12,529
22,530
50,531
196,532
86,533
168,534
168,535
6,536
24,537
46,538
46,539
197,540
65,541
184,542
126,543
198,544
146,545
146,546
146,547
146,548
17,549
99,550
24,551
199,552
10,553
128,554
146,555
81,556
52,557
104,558
7,559
113,560
7,561
17,562
200,563
119,564
119,565
201,566
167,567
66,568
133,569
146,570
54,571
201,572
66,573
83,574
202,575
53,576
7,577
169,578
32,579
53,580
203,581
204,582
67,583
205,584
7,585
113,586
86,587
86,588
177,589
17,590
119,591
52,592
43,593
27,594
17,595
99,596
136,597
164,598
34,599
47,600
58,601
22,602
6,603
206,604
65,605
65,606
131,607
65,608
207,609
82,610
84,611
30,612
20,613
2,614
43,615
208,616
46,617
22,618
209,619
210,620
100,621
75,622
43,623
53,624
26,625
90,626
148,627
177,628
22,629
43,630
211,631
212,632
205,633
86,634
148,635
213,636
73,637
2,638
53,639
214,640
45,641
67,642
12,643
29,644
17,645
17,646
80,647
47,648
148,649
69,650
132,651
12,652
47,653
55,654
215,655
22,656
92,657
64,658
90,659
12,660
127,661
73,662
86,663
58,664
216,665
90,666
201,667
216,668
216,669
86,670
215,671
217,672
4,673
21,674
218,675
219,676
73,677
220,678
221,679
154,680
61,681
77,682
12,683
222,684
126,685
81,686
132,687
53,688
36,689
9,690
86,691
53,692
90,693
223,694
121,695
217,696
224,697
223,698
209,699
17,700
225,701
226,702
110,703
76,704
220,705
53,706
90,707
151,708
65,709
86,710
227,711
97,712
157,713
228,714
104,715
53,716
22,717
5,718
12,719
229,720
53,721
82,722
110,723
69,724
230,725
2,726
230,727
5,728
90,729
162,730
53,731
65,732
86,733
140,734
43,735
136,736
65,737
231,738
217,739
22,740
202,741
9,742
65,743
48,744
140,745
32,746
54,747
90,748
43,749
157,750
86,751
22,752
113,753
182,754
146,755
73,756
29,757
175,758
7,759
73,760
232,761
29,762
233,763
47,764
64,765
142,766
234,767
64,768
66,769
47,770
234,771
99,772
235,773
99,774
236,775
237,776
238,777
67,778
67,779
67,780
67,781
67,782
9,783
9,784
43,785
66,786
43,787
28,788
73,789
53,790
126,791
12,792
73,793
228,794
197,795
73,796
53,797
73,798
125,799
220,800
239,801
182,802
73,803
73,804
187,805
73,806
73,807
36,808
168,809
93,810
65,811
104,812
65,813
29,814
98,815
86,816
66,817
38,818
96,819
22,820
43,821
104,822
240,823
45,824
104,825
58,826
90,827
6,828
241,829
141,830
49,831
67,832
22,833
242,834
27,835
43,836
243,837
76,838
23,839
4,840
112,841
244,842
245,843
4,844
246,845
46,846
115,847
115,848
149,849
247,850
115,851
176,852
4,853
148,854
73,855
11,856
7,857
86,858
26,859
86,860
86,861
86,862
86,863
95,864
86,865
195,866
248,867
86,868
76,869
53,870
201,871
115,872
115,873
208,874
247,875
52,876
77,877
84,878
249,879
6,880
90,881
47,882
40,883
250,884
86,885
216,886
17,887
8,888
34,889
22,890
251,891
12,892
12,893
12,894
164,895
53,896
131,897
242,898
3,899
102,900
5,901
105,902
179,903
228,904
105,905
102,906
105,907
105,908
105,909
6,910
1,911
105,912
17,913
77,914
252,915
140,916
17,917
2,918
65,919
80,920
64,921
17,922
244,923
76,924
133,925
118,926
17,927
92,928
123,929
110,930
58,931
253,932
167,933
254,934
140,935
119,936
25,937
89,938
106,939
255,940
214,941
146,942
17,943
256,944
205,945
257,946
168,947
258,948
105,949
97,950
146,951
259,952
17,953
2,954
17,955
147,956
131,957
86,958
43,959
42,960
215,961
6,962
189,963
131,964
179,965
140,966
6,967
121,968
7,969
148,970
189,971
260,972
189,973
261,974
113,975
97,976
146,977
136,978
115,979
201,980
77,981
199,982
80,983
43,984
43,985
7,986
262,987
184,988
40,989
43,990
47,991
17,992
189,993
86,994
189,995
189,996
189,997
189,998
130,999
126,1000
201,1001
47,1002
202,1003
131,1004
164,1005
133,1006
65,1007
120,1008
133,1009
133,1010
142,1011
61,1012
133,1013
27,1014
263,1015
264,1016
120,1017
133,1018
119,1019
265,1020
86,1021
7,1022
198,1023
66,1024
125,1025
7,1026
266,1027
65,1028
18,1029
7,1030
17,1031
99,1032
99,1033
99,1034
4,1035
131,1036
267,1037
131,1038
268,1039
2,1040
201,1041
46,1042
1,1043
121,1044
121,1045
73,1046
46,1047
142,1048
91,1049
184,1050
220,1051
140,1052
73,1053
6,1054
142,1055
62,1056
73,1057
43,1058
269,1059
109,1060
270,1061
79,1062
79,1063
149,1064
18,1065
168,1066
187,1067
49,1068
7,1069
271,1070
64,1071
211,1072
12,1073
85,1074
96,1075
84,1076
195,1077
272,1078
17,1079
116,1080
17,1081
95,1082
104,1083
94,1084
17,1085
58,1086
116,1087
181,1088
273,1089
274,1090
181,1091
43,1092
17,1093
53,1094
86,1095
275,1096
5,1097
195,1098
86,1099
4,1100
276,1101
4,1102
104,1103
4,1104
106,1105
277,1106
4,1107
216,1108
7,1109
22,1110
12,1111
4,1112
73,1113
278,1114
195,1115
176,1116
137,1117
69,1118
66,1119
6,1120
79,1121
142,1122
43,1123
73,1124
30,1125
45,1126
213,1127
30,1128
30,1129
279,1130
119,1131
278,1132
140,1133
43,1134
181,1135
197,1136
131,1137
65,1138
280,1139
27,1140
43,1141
248,1142
187,1143
76,1144
179,1145
281,1146
223,1147
282,1148
241,1149
6,1150
201,1151
43,1152
283,1153
148,1154
47,1155
96,1156
77,1157
284,1158
130,1159
7,1160
119,1161
285,1162
23,1163
286,1164
236,1165
168,1166
287,1167
148,1168
216,1169
154,1170
67,1171
76,1172
21,1173
64,1174
26,1175
167,1176
56,1177
146,1178
184,1179
288,1180
216,1181
288,1182
23,1183
23,1184
23,1185
23,1186
288,1187
289,1188
23,1189
216,1190
112,1191
216,1192
68,1193
125,1194
288,1195
142,1196
14,1197
18,1198
249,1199
12,1200
22,1201
101,1202
290,1203
201,1204
106,1205
5,1206
146,1207
223,1208
15,1209
22,1210
291,1211
96,1212
1,1213
11,1214
292,1215
46,1216
23,1217
4,1218
127,1219
292,1220
288,1221
43,1222
26,1223
175,1224
7,1225
293,1226
104,1227
294,1228
96,1229
142,1230
47,1231
96,1232
195,1233
254,1234
99,1235
146,1236
86,1237
249,1238
142,1239
184,1240
295,1241
2,1242
168,1243
197,1244
40,1245
57,1246
296,1247
197,1248
90,1249
26,1250
43,1251
129,1252
157,1253
189,1254
184,1255
189,1256
116,1257
64,1258
297,1259
201,1260
106,1261
140,1262
125,1263
106,1264
230,1265
152,1266
96,1267
4,1268
47,1269
47,1270
263,1271
298,1272
299,1273
90,1274
67,1275
77,1276
4,1277
76,1278
105,1279
76,1280
106,1281
46,1282
249,1283
17,1284
191,1285
47,1286
197,1287
135,1288
92,1289
73,1290
187,1291
190,1292
190,1293
197,1294
53,1295
300,1296
264,1297
91,1298
97,1299
97,1300
46,1301
96,1302
90,1303
264,1304
167,1305
140,1306
264,1307
73,1308
140,1309
81,1310
264,1311
301,1312
84,1313
106,1314
43,1315
102,1316
127,1317
104,1318
83,1319
52,1320
302,1321
303,1322
133,1323
142,1324
213,1325
11,1326
17,1327
83,1328
46,1329
62,1330
64,1331
21,1332
21,1333
21,1334
26,1335
182,1336
14,1337
21,1338
118,1339
53,1340
86,1341
126,1342
264,1343
83,1344
304,1345
249,1346
167,1347
171,1348
140,1349
4,1350
14,1351
17,1352
195,1353
290,1354
163,1355
224,1356
305,1357
37,1358
43,1359
22,1360
24,1361
12,1362
142,1363
249,1364
119,1365
49,1366
7,1367
104,1368
164,1369
87,1370
100,1371
306,1372
12,1373
161,1374
64,1375
80,1376
295,1377
168,1378
15,1379
146,1380
2,1381
17,1382
42,1383
58,1384
37,1385
37,1386
307,1387
213,1388
3,1389
123,1390
43,1391
104,1392
142,1393
308,1394
28,1395
132,1396
132,1397
309,1398
27,1399
310,1400
99,1401
92,1402
99,1403
311,1404
123,1405
266,1406
312,1407
27,1408
123,1409
123,1410
123,1411
313,1412
90,1413
2,1414
177,1415
121,1416
314,1417
99,1418
17,1419
86,1420
105,1421
59,1422
105,1423
275,1424
105,1425
43,1426
126,1427
53,1428
20,1429
15,1430
315,1431
15,1432
105,1433
200,1434
86,1435
105,1436
45,1437
105,1438
197,1439
100,1440
200,1441
12,1442
40,1443
225,1444
131,1445
54,1446
316,1447
316,1448
168,1449
53,1450
37,1451
43,1452
104,1453
102,1454
105,1455
105,1456
105,1457
105,1458
155,1459
102,1460
80,1461
64,1462
100,1463
317,1464
193,1465
126,1466
43,1467
216,1468
69,1469
276,1470
65,1471
318,1472
197,1473
154,1474
30,1475
104,1476
21,1477
79,1478
20,1479
65,1480
96,1481
191,1482
96,1483
47,1484
104,1485
69,1486
96,1487
18,1488
162,1489
46,1490
22,1491
208,1492
17,1493
96,1494
10,1495
101,1496
188,1497
27,1498
47,1499
133,1500
131,1501
53,1502
34,1503
87,1504
39,1505
201,1506
193,1507
90,1508
319,1509
17,1510
115,1511
82,1512
96,1513
114,1514
248,1515
248,1516
67,1517
157,1518
79,1519
26,1520
130,1521
43,1522
320,1523
96,1524
201,1525
321,1526
195,1527
73,1528
86,1529
190,1530
211,1531
69,1532
112,1533
244,1534
69,1535
168,1536
233,1537
116,1538
69,1539
69,1540
149,1541
322,1542
21,1543
80,1544
126,1545
17,1546
67,1547
99,1548
323,1549
183,1550
96,1551
104,1552
2,1553
2,1554
6,1555
6,1556
96,1557
119,1558
96,1559
6,1560
113,1561
6,1562
73,1563
6,1564
220,1565
121,1566
53,1567
121,1568
220,1569
81,1570
324,1571
73,1572
53,1573
140,1574
24,1575
73,1576
163,1577
146,1578
12,1579
69,1580
197,1581
197,1582
254,1583
6,1584
216,1585
2,1586
79,1587
79,1588
146,1589
146,1590
220,1591
96,1592
53,1593
96,1594
96,1595
96,1596
96,1597
52,1598
62,1599
53,1600
182,1601
47,1602
73,1603
96,1604
324,1605
325,1606
59,1607
325,1608
326,1609
59,1610
73,1611
244,1612
98,1613
249,1614
327,1615
184,1616
136,1617
43,1618
98,1619
187,1620
197,1621
125,1622
191,1623
142,1624
125,1625
6,1626
328,1627
4,1628
168,1629
66,1630
244,1631
47,1632
47,1633
36,1634
329,1635
152,1636
220,1637
53,1638
73,1639
329,1640
16,1641
105,1642
106,1643
69,1644
197,1645
94,1646
187,1647
6,1648
106,1649
162,1650
330,1651
47,1652
195,1653
111,1654
60,1655
106,1656
264,1657
264,1658
264,1659
140,1660
142,1661
331,1662
157,1663
320,1664
121,1665
332,1666
146,1667
21,1668
21,1669
87,1670
21,1671
116,1672
167,1673
333,1674
26,1675
151,1676
105,1677
87,1678
3,1679
334,1680
37,1681
118,1682
252,1683
94,1684
43,1685
255,1686
215,1687
116,1688
6,1689
335,1690
181,1691
249,1692
7,1693
42,1694
182,1695
182,1696
90,1697
86,1698
148,1699
110,1700
65,1701
336,1702
201,1703
27,1704
129,1705
46,1706
134,1707
82,1708
66,1709
82,1710
97,1711
65,1712
154,1713
2,1714
177,1715
18,1716
337,1717
164,1718
337,1719
26,1720
197,1721
151,1722
53,1723
29,1724
329,1725
338,1726
119,1727
76,1728
164,1729
162,1730
6,1731
151,1732
339,1733
151,1734
24,1735
14,1736
92,1737
187,1738
130,1739
7,1740
110,1741
144,1742
4,1743
53,1744
77,1745
90,1746
12,1747
12,1748
46,1749
208,1750
191,1751
133,1752
340,1753
193,1754
193,1755
95,1756
142,1757
92,1758
341,1759
46,1760
17,1761
43,1762
17,1763
43,1764
67,1765
43,1766
43,1767
40,1768
58,1769
342,1770
115,1771
246,1772
43,1773
197,1774
197,1775
318,1776
197,1777
343,1778
7,1779
217,1780
46,1781
46,1782
289,1783
184,1784
5,1785
252,1786
66,1787
112,1788
73,1789
46,1790
179,1791
344,1792
46,1793
345,1794
301,1795
165,1796
115,1797
43,1798
346,1799
7,1800
46,1801
190,1802
58,1803
57,1804
57,1805
56,1806
56,1807
260,1808
57,1809
57,1810
57,1811
146,1812
57,1813
347,1814
57,1815
223,1816
46,1817
66,1818
209,1819
197,1820
198,1821
58,1822
124,1823
124,1824
348,1825
124,1826
125,1827
125,1828
124,1829
43,1830
125,1831
125,1832
349,1833
350,1834
47,1835
7,1836
7,1837
8,1838
7,1839
7,1840
53,1841
7,1842
76,1843
8,1844
7,1845
7,1846
205,1847
93,1848
275,1849
161,1850
351,1851
286,1852
21,1853
352,1854
84,1855
7,1856
7,1857
353,1858
216,1859
189,1860
22,1861
126,1862
190,1863
299,1864
26,1865
34,1866
179,1867
275,1868
67,1869
121,1870
46,1871
292,1872
275,1873
110,1874
36,1875
64,1876
22,1877
239,1878
220,1879
193,1880
256,1881
234,1882
126,1883
126,1884
354,1885
67,1886
186,1887
21,1888
20,1889
49,1890
355,1891
96,1892
46,1893
73,1894
46,1895
356,1896
46,1897
46,1898
77,1899
46,1900
286,1901
46,1902
77,1903
46,1904
43,1905
256,1906
295,1907
53,1908
101,1909
27,1910
27,1911
99,1912
244,1913
164,1914
43,1915
189,1916
7,1917
177,1918
270,1919
14,1920
53,1921
264,1922
142,1923
111,1924
2,1925
17,1926
2,1927
36,1928
106,1929
94,1930
115,1931
46,1932
106,1933
6,1934
87,1935
233,1936
6,1937
137,1938
264,1939
36,1940
357,1941
39,1942
16,1943
47,1944
92,1945
92,1946
54,1947
80,1948
47,1949
76,1950
7,1951
6,1952
73,1953
66,1954
36,1955
140,1956
140,1957
27,1958
99,1959
46,1960
46,1961
181,1962
275,1963
184,1964
142,1965
58,1966
69,1967
58,1968
111,1969
53,1970
4,1971
358,1972
359,1973
281,1974
9,1975
38,1976
92,1977
43,1978
58,1979
92,1980
217,1981
118,1982
360,1983
92,1984
23,1985
147,1986
53,1987
14,1988
127,1989
361,1990
53,1991
65,1992
65,1993
2,1994
123,1995
65,1996
127,1997
65,1998
225,1999
146,2000
146,2001
362,2002
146,2003
146,2004
144,2005
168,2006
201,2007
23,2008
21,2009
84,2010
65,2011
126,2012
125,2013
188,2014
363,2015
18,2016
111,2017
46,2018
92,2019
168,2020
168,2021
364,2022
127,2023
98,2024
211,2025
53,2026
93,2027
43,2028
188,2029
216,2030
27,2031
112,2032
365,2033
27,2034
68,2035
75,2036
216,2037
366,2038
216,2039
15,2040
216,2041
367,2042
188,2043
65,2044
61,2045
88,2046
198,2047
146,2048
49,2049
18,2050
49,2051
362,2052
50,2053
168,2054
205,2055
121,2056
151,2057
6,2058
104,2059
149,2060
65,2061
12,2062
195,2063
368,2064
149,2065
264,2066
126,2067
136,2068
2,2069
133,2070
285,2071
100,2072
30,2073
104,2074
4,2075
188,2076
84,2077
69,2078
2,2079
9,2080
9,2081
36,2082
144,2083
151,2084
209,2085
86,2086
209,2087
209,2088
86,2089
86,2090
157,2091
43,2092
86,2093
90,2094
86,2095
17,2096
23,2097
190,2098
86,2099
369,2100
28,2101
121,2102
95,2103
370,2104
65,2105
27,2106
27,2107
28,2108
212,2109
65,2110
148,2111
17,2112
22,2113
9,2114
99,2115
99,2116
151,2117
320,2118
371,2119
99,2120
27,2121
22,2122
115,2123
5,2124
372,2125
86,2126
40,2127
112,2128
132,2129
53,2130
15,2131
99,2132
99,2133
373,2134
99,2135
99,2136
53,2137
201,2138
17,2139
53,2140
104,2141
104,2142
17,2143
43,2144
40,2145
40,2146
17,2147
95,2148
228,2149
140,2150
90,2151
36,2152
374,2153
116,2154
7,2155
148,2156
108,2157
58,2158
112,2159
181,2160
73,2161
375,2162
9,2163
58,2164
181,2165
44,2166
73,2167
73,2168
220,2169
116,2170
42,2171
146,2172
42,2173
244,2174
26,2175
26,2176
115,2177
26,2178
53,2179
190,2180
212,2181
212,2182
90,2183
22,2184
214,2185
99,2186
184,2187
119,2188
14,2189
376,2190
48,2191
26,2192
48,2193
75,2194
205,2195
174,2196
32,2197
256,2198
42,2199
249,2200
83,2201
168,2202
168,2203
197,2204
197,2205
119,2206
119,2207
276,2208
286,2209
228,2210
64,2211
64,2212
83,2213
157,2214
157,2215
82,2216
64,2217
47,2218
64,2219
64,2220
64,2221
64,2222
64,2223
27,2224
149,2225
146,2226
146,2227
82,2228
46,2229
113,2230
21,2231
76,2232
187,2233
96,2234
22,2235
80,2236
256,2237
377,2238
140,2239
26,2240
36,2241
5,2242
106,2243
46,2244
46,2245
46,2246
182,2247
115,2248
53,2249
31,2250
179,2251
378,2252
112,2253
116,2254
92,2255
92,2256
179,2257
95,2258
95,2259
179,2260
217,2261
216,2262
379,2263
110,2264
110,2265
110,2266
146,2267
118,2268
117,2269
43,2270
118,2271
47,2272
115,2273
24,2274
181,2275
47,2276
53,2277
116,2278
52,2279
372,2280
92,2281
95,2282
93,2283
92,2284
380,2285
381,2286
382,2287
365,2288
140,2289
264,2290
18,2291
115,2292
383,2293
351,2294
146,2295
7,2296
7,2297
66,2298
384,2299
66,2300
8,2301
113,2302
64,2303
43,2304
17,2305
105,2306
121,2307
17,2308
110,2309
379,2310
91,2311
61,2312
45,2313
168,2314
7,2315
32,2316
45,2317
246,2318
246,2319
115,2320
115,2321
115,2322
45,2323
130,2324
65,2325
126,2326
82,2327
45,2328
291,2329
197,2330
118,2331
118,2332
214,2333
175,2334
191,2335
118,2336
27,2337
36,2338
26,2339
215,2340
64,2341
91,2342
91,2343
91,2344
91,2345
46,2346
90,2347
379,2348
379,2349
91,2350
52,2351
52,2352
379,2353
91,2354
105,2355
11,2356
184,2357
110,2358
230,2359
91,2360
21,2361
109,2362
276,2363
92,2364
43,2365
4,2366
64,2367
9,2368
96,2369
325,2370
59,2371
126,2372
52,2373
142,2374
146,2375
43,2376
53,2377
385,2378
146,2379
151,2380
151,2381
142,2382
15,2383
43,2384
104,2385
12,2386
324,2387
83,2388
26,2389
142,2390
190,2391
47,2392
91,2393
26,2394
94,2395
168,2396
142,2397
7,2398
291,2399
386,2400
146,2401
228,2402
64,2403
43,2404
99,2405
387,2406
130,2407
64,2408
225,2409
197,2410
96,2411
49,2412
322,2413
92,2414
224,2415
90,2416
65,2417
76,2418
112,2419
90,2420
7,2421
65,2422
64,2423
190,2424
92,2425
92,2426
92,2427
225,2428
64,2429
64,2430
168,2431
64,2432
137,2433
388,2434
69,2435
190,2436
12,2437
278,2438
73,2439
49,2440
12,2441
12,2442
17,2443
205,2444
9,2445
31,2446
140,2447
73,2448
43,2449
84,2450
27,2451
228,2452
12,2453
151,2454
5,2455
223,2456
375,2457
362,2458
140,2459
264,2460
140,2461
140,2462
4,2463
389,2464
181,2465
82,2466
86,2467
46,2468
92,2469
66,2470
47,2471
254,2472
140,2473
1,2474
1,2475
47,2476
1,2477
80,2478
26,2479
232,2480
2,2481
374,2482
6,2483
168,2484
126,2485
46,2486
46,2487
96,2488
182,2489
36,2490
228,2491
334,2492
111,2493
181,2494
58,2495
6,2496
390,2497
275,2498
275,2499
95,2500
43,2501
275,2502
217,2503
2,2504
195,2505
195,2506
17,2507
45,2508
96,2509
96,2510
208,2511
36,2512
36,2513
73,2514
98,2515
6,2516
99,2517
286,2518
391,2519
142,2520
38,2521
168,2522
28,2523
21,2524
73,2525
86,2526
182,2527
65,2528
265,2529
265,2530
27,2531
28,2532
110,2533
181,2534
391,2535
233,2536
208,2537
47,2538
75,2539
104,2540
101,2541
121,2542
22,2543
46,2544
86,2545
86,2546
309,2547
52,2548
86,2549
86,2550
82,2551
168,2552
168,2553
7,2554
47,2555
275,2556
327,2557
12,2558
392,2559
299,2560
96,2561
116,2562
140,2563
243,2564
17,2565
339,2566
201,2567
363,2568
81,2569
164,2570
167,2571
43,2572
164,2573
164,2574
363,2575
260,2576
118,2577
118,2578
264,2579
27,2580
393,2581
91,2582
184,2583
109,2584
109,2585
73,2586
73,2587
105,2588
53,2589
21,2590
73,2591
48,2592
6,2593
182,2594
132,2595
2,2596
96,2597
90,2598
26,2599
96,2600
208,2601
297,2602
104,2603
239,2604
5,2605
231,2606
14,2607
14,2608
73,2609
46,2610
265,2611
69,2612
46,2613
45,2614
103,2615
64,2616
182,2617
182,2618
177,2619
73,2620
195,2621
182,2622
182,2623
179,2624
278,2625
228,2626
394,2627
394,2628
69,2629
69,2630
73,2631
220,2632
22,2633
69,2634
73,2635
69,2636
137,2637
69,2638
69,2639
69,2640
69,2641
69,2642
116,2643
395,2644
17,2645
52,2646
180,2647
116,2648
137,2649
16,2650
47,2651
36,2652
286,2653
220,2654
396,2655
64,2656
121,2657
182,2658
18,2659
73,2660
390,2661
73,2662
182,2663
228,2664
73,2665
197,2666
182,2667
182,2668
126,2669
112,2670
7,2671
73,2672
397,2673
69,2674
69,2675
398,2676
157,2677
47,2678
191,2679
134,2680
181,2681
21,2682
66,2683
21,2684
281,2685
181,2686
98,2687
65,2688
126,2689
399,2690
10,2691
10,2692
140,2693
146,2694
400,2695
265,2696
140,2697
140,2698
73,2699
182,2700
47,2701
289,2702
92,2703
53,2704
58,2705
2,2706
401,2707
17,2708
278,2709
66,2710
299,2711
17,2712
121,2713
90,2714
62,2715
96,2716
66,2717
121,2718
94,2719
36,2720
36,2721
223,2722
193,2723
27,2724
176,2725
27,2726
30,2727
69,2728
91,2729
395,2730
73,2731
136,2732
96,2733
73,2734
73,2735
249,2736
34,2737
90,2738
2,2739
152,2740
2,2741
191,2742
104,2743
168,2744
402,2745
82,2746
292,2747
215,2748
17,2749
17,2750
95,2751
168,2752
12,2753
198,2754
46,2755
179,2756
131,2757
403,2758
228,2759
90,2760
121,2761
330,2762
61,2763
178,2764
17,2765
262,2766
82,2767
82,2768
82,2769
82,2770
82,2771
82,2772
198,2773
15,2774
295,2775
131,2776
131,2777
15,2778
286,2779
404,2780
7,2781
209,2782
105,2783
15,2784
307,2785
105,2786
24,2787
23,2788
67,2789
67,2790
299,2791
405,2792
53,2793
4,2794
209,2795
127,2796
67,2797
90,2798
406,2799
61,2800
407,2801
96,2802
11,2803
92,2804
24,2805
104,2806
408,2807
24,2808
115,2809
99,2810
2,2811
17,2812
146,2813
90,2814
362,2815
136,2816
7,2817
54,2818
121,2819
409,2820
17,2821
209,2822
244,2823
244,2824
244,2825
59,2826
92,2827
66,2828
91,2829
54,2830
112,2831
192,2832
244,2833
233,2834
362,2835
66,2836
291,2837
291,2838
80,2839
105,2840
46,2841
46,2842
131,2843
32,2844
46,2845
65,2846
6,2847
136,2848
105,2849
16,2850
54,2851
121,2852
292,2853
106,2854
106,2855
106,2856
106,2857
106,2858
106,2859
106,2860
146,2861
106,2862
97,2863
146,2864
198,2865
53,2866
249,2867
6,2868
24,2869
43,2870
152,2871
6,2872
53,2873
104,2874
43,2875
410,2876
19,2877
411,2878
210,2879
67,2880
412,2881
177,2882
43,2883
67,2884
20,2885
20,2886
20,2887
92,2888
19,2889
67,2890
127,2891
67,2892
20,2893
67,2894
19,2895
413,2896
213,2897
213,2898
184,2899
213,2900
210,2901
32,2902
65,2903
46,2904
414,2905
65,2906
65,2907
65,2908
43,2909
65,2910
65,2911
106,2912
76,2913
208,2914
45,2915
400,2916
181,2917
69,2918
220,2919
73,2920
73,2921
415,2922
49,2923
6,2924
76,2925
179,2926
12,2927
283,2928
45,2929
250,2930
244,2931
82,2932
6,2933
146,2934
93,2935
228,2936
73,2937
65,2938
416,2939
28,2940
77,2941
113,2942
178,2943
7,2944
417,2945
6,2946
46,2947
47,2948
77,2949
17,2950
27,2951
106,2952
152,2953
82,2954
82,2955
82,2956
121,2957
5,2958
6,2959
46,2960
193,2961
195,2962
12,2963
204,2964
12,2965
46,2966
125,2967
149,2968
66,2969
2,2970
197,2971
137,2972
303,2973
47,2974
307,2975
76,2976
32,2977
47,2978
418,2979
419,2980
21,2981
21,2982
87,2983
26,2984
87,2985
81,2986
21,2987
87,2988
21,2989
21,2990
87,2991
96,2992
201,2993
201,2994
65,2995
24,2996
80,2997
162,2998
162,2999
162,3000
162,3001
162,3002
162,3003
162,3004
197,3005
325,3006
142,3007
86,3008
228,3009
178,3010
178,3011
178,3012
106,3013
92,3014
220,3015
127,3016
34,3017
53,3018
53,3019
275,3020
291,3021
22,3022
96,3023
126,3024
126,3025
22,3026
26,3027
46,3028
254,3029
127,3030
276,3031
22,3032
140,3033
53,3034
97,3035
284,3036
112,3037
77,3038
46,3039
115,3040
65,3041
8,3042
65,3043
106,3044
69,3045
65,3046
213,3047
144,3048
191,3049
5,3050
112,3051
58,3052
43,3053
65,3054
126,3055
5,3056
420,3057
421,3058
420,3059
420,3060
1,3061
193,3062
99,3063
340,3064
36,3065
46,3066
275,3067
6,3068
53,3069
77,3070
422,3071
46,3072
47,3073
127,3074
92,3075
18,3076
4,3077
88,3078
17,3079
33,3080
195,3081
195,3082
96,3083
195,3084
17,3085
270,3086
66,3087
182,3088
46,3089
96,3090
52,3091
86,3092
423,3093
11,3094
30,3095
46,3096
424,3097
424,3098
14,3099
14,3100
24,3101
117,3102
118,3103
118,3104
124,3105
43,3106
125,3107
125,3108
103,3109
81,3110
103,3111
103,3112
83,3113
363,3114
152,3115
397,3116
94,3117
363,3118
276,3119
425,3120
426,3121
243,3122
48,3123
94,3124
180,3125
5,3126
254,3127
254,3128
5,3129
131,3130
15,3131
374,3132
36,3133
36,3134
16,3135
11,3136
286,3137
36,3138
164,3139
36,3140
213,3141
126,3142
98,3143
126,3144
126,3145
11,3146
178,3147
86,3148
36,3149
36,3150
146,3151
36,3152
16,3153
286,3154
46,3155
210,3156
106,3157
257,3158
77,3159
161,3160
7,3161
184,3162
272,3163
204,3164
106,3165
17,3166
104,3167
47,3168
84,3169
86,3170
89,3171
427,3172
112,3173
32,3174
23,3175
428,3176
53,3177
80,3178
27,3179
5,3180
30,3181
30,3182
77,3183
149,3184
429,3185
4,3186
1,3187
252,3188
1,3189
1,3190
46,3191
430,3192
92,3193
46,3194
431,3195
80,3196
432,3197
69,3198
278,3199
43,3200
167,3201
197,3202
254,3203
17,3204
6,3205
126,3206
69,3207
2,3208
184,3209
231,3210
92,3211
231,3212
254,3213
254,3214
254,3215
59,3216
59,3217
65,3218
433,3219
59,3220
334,3221
61,3222
65,3223
27,3224
26,3225
32,3226
434,3227
154,3228
65,3229
154,3230
65,3231
65,3232
73,3233
93,3234
168,3235
65,3236
23,3237
126,3238
118,3239
199,3240
275,3241
118,3242
118,3243
140,3244
118,3245
92,3246
162,3247
53,3248
52,3249
2,3250
126,3251
126,3252
98,3253
5,3254
244,3255
5,3256
58,3257
181,3258
303,3259
98,3260
140,3261
26,3262
140,3263
140,3264
140,3265
165,3266
18,3267
18,3268
65,3269
53,3270
216,3271
66,3272
66,3273
351,3274
1,3275
95,3276
248,3277
21,3278
208,3279
65,3280
248,3281
114,3282
65,3283
65,3284
65,3285
11,3286
26,3287
61,3288
43,3289
7,3290
43,3291
217,3292
278,3293
26,3294
27,3295
12,3296
92,3297
142,3298
255,3299
27,3300
435,3301
435,3302
211,3303
30,3304
11,3305
249,3306
169,3307
175,3308
11,3309
2,3310
275,3311
209,3312
60,3313
144,3314
436,3315
57,3316
244,3317
97,3318
203,3319
149,3320
11,3321
105,3322
424,3323
7,3324
10,3325
65,3326
121,3327
11,3328
168,3329
168,3330
168,3331
292,3332
94,3333
7,3334
171,3335
375,3336
53,3337
437,3338
37,3339
17,3340
16,3341
101,3342
121,3343
121,3344
196,3345
32,3346
136,3347
10,3348
43,3349
30,3350
27,3351
31,3352
168,3353
1,3354
80,3355
24,3356
53,3357
106,3358
28,3359
101,3360
120,3361
327,3362
46,3363
236,3364
66,3365
118,3366
110,3367
205,3368
233,3369
438,3370
61,3371
146,3372
53,3373
205,3374
362,3375
164,3376
65,3377
146,3378
5,3379
246,3380
27,3381
54,3382
36,3383
30,3384
64,3385
209,3386
231,3387
5,3388
5,3389
7,3390
7,3391
65,3392
198,3393
234,3394
65,3395
65,3396
65,3397
65,3398
53,3399
83,3400
7,3401
7,3402
105,3403
92,3404
136,3405
439,3406
64,3407
167,3408
90,3409
440,3410
1,3411
73,3412
53,3413
86,3414
1,3415
1,3416
249,3417
29,3418
31,3419
181,3420
1,3421
1,3422
110,3423
69,3424
80,3425
137,3426
80,3427
212,3428
137,3429
69,3430
69,3431
69,3432
149,3433
24,3434
137,3435
137,3436
69,3437
164,3438
164,3439
24,3440
24,3441
142,3442
64,3443
80,3444
249,3445
77,3446
140,3447
136,3448
211,3449
155,3450
46,3451
46,3452
244,3453
249,3454
22,3455
375,3456
80,3457
94,3458
205,3459
200,3460
80,3461
80,3462
254,3463
167,3464
441,3465
442,3466
22,3467
65,3468
3,3469
244,3470
244,3471
64,3472
443,3473
5,3474
21,3475
5,3476
86,3477
334,3478
2,3479
29,3480
123,3481
43,3482
76,3483
32,3484
5,3485
255,3486
245,3487
126,3488
36,3489
76,3490
7,3491
133,3492
65,3493
149,3494
22,3495
2,3496
47,3497
18,3498
444,3499
181,3500
244,3501
198,3502
8,3503
146,3504
146,3505
146,3506
146,3507
146,3508
198,3509
146,3510
76,3511
64,3512
142,3513
127,3514
22,3515
26,3516
93,3517
36,3518
30,3519
3,3520
200,3521
84,3522
80,3523
358,3524
184,3525
184,3526
7,3527
73,3528
149,3529
230,3530
126,3531
244,3532
231,3533
231,3534
395,3535
141,3536
5,3537
244,3538
201,3539
103,3540
5,3541
105,3542
445,3543
95,3544
80,3545
4,3546
179,3547
95,3548
255,3549
179,3550
22,3551
186,3552
71,3553
94,3554
196,3555
196,3556
126,3557
30,3558
82,3559
186,3560
36,3561
29,3562
27,3563
101,3564
188,3565
101,3566
27,3567
27,3568
302,3569
66,3570
42,3571
61,3572
121,3573
108,3574
217,3575
108,3576
149,3577
351,3578
1,3579
76,3580
108,3581
29,3582
5,3583
22,3584
108,3585
77,3586
446,3587
119,3588
178,3589
314,3590
178,3591
314,3592
447,3593
178,3594
26,3595
254,3596
254,3597
254,3598
210,3599
162,3600
106,3601
448,3602
46,3603
118,3604
449,3605
121,3606
90,3607
450,3608
121,3609
142,3610
53,3611
9,3612
142,3613
17,3614
45,3615
324,3616
90,3617
41,3618
53,3619
191,3620
66,3621
65,3622
264,3623
451,3624
140,3625
155,3626
103,3627
14,3628
65,3629
367,3630
12,3631
8,3632
40,3633
8,3634
7,3635
7,3636
141,3637
7,3638
7,3639
7,3640
121,3641
7,3642
278,3643
94,3644
66,3645
30,3646
126,3647
37,3648
368,3649
164,3650
100,3651
61,3652
121,3653
66,3654
215,3655
137,3656
104,3657
100,3658
43,3659
93,3660
303,3661
452,3662
5,3663
216,3664
134,3665
202,3666
66,3667
5,3668
11,3669
201,3670
146,3671
133,3672
86,3673
52,3674
131,3675
131,3676
54,3677
428,3678
53,3679
159,3680
45,3681
66,3682
324,3683
8,3684
453,3685
149,3686
149,3687
133,3688
133,3689
133,3690
409,3691
263,3692
133,3693
233,3694
65,3695
209,3696
69,3697
69,3698
126,3699
104,3700
428,3701
3,3702
43,3703
454,3704
162,3705
455,3706
86,3707
32,3708
86,3709
29,3710
118,3711
234,3712
118,3713
43,3714
10,3715
2,3716
131,3717
65,3718
127,3719
131,3720
82,3721
98,3722
118,3723
118,3724
118,3725
168,3726
65,3727
2,3728
264,3729
7,3730
151,3731
66,3732
162,3733
104,3734
392,3735
329,3736
121,3737
95,3738
86,3739
165,3740
53,3741
53,3742
17,3743
206,3744
34,3745
141,3746
53,3747
206,3748
216,3749
6,3750
140,3751
7,3752
332,3753
82,3754
352,3755
320,3756
53,3757
53,3758
49,3759
53,3760
127,3761
22,3762
177,3763
21,3764
46,3765
211,3766
67,3767
12,3768
114,3769
17,3770
53,3771
209,3772
195,3773
17,3774
230,3775
262,3776
43,3777
64,3778
217,3779
157,3780
209,3781
18,3782
164,3783
351,3784
104,3785
273,3786
5,3787
140,3788
24,3789
90,3790
2,3791
197,3792
230,3793
86,3794
21,3795
177,3796
66,3797
86,3798
17,3799
86,3800
64,3801
249,3802
216,3803
216,3804
216,3805
34,3806
66,3807
197,3808
356,3809
134,3810
2,3811
104,3812
53,3813
53,3814
99,3815
400,3816
27,3817
456,3818
47,3819
47,3820
157,3821
5,3822
23,3823
320,3824
131,3825
216,3826
5,3827
278,3828
46,3829
69,3830
64,3831
57,3832
9,3833
140,3834
90,3835
104,3836
22,3837
47,3838
106,3839
380,3840
457,3841
457,3842
190,3843
380,3844
26,3845
457,3846
457,3847
175,3848
59,3849
380,3850
275,3851
381,3852
151,3853
64,3854
69,3855
5,3856
127,3857
53,3858
140,3859
53,3860
224,3861
12,3862
334,3863
47,3864
273,3865
5,3866
115,3867
108,3868
66,3869
65,3870
201,3871
168,3872
168,3873
168,3874
458,3875
108,3876
96,3877
53,3878
65,3879
339,3880
154,3881
154,3882
32,3883
93,3884
459,3885
127,3886
5,3887
36,3888
92,3889
92,3890
38,3891
73,3892
5,3893
112,3894
460,3895
121,3896
53,3897
254,3898
106,3899
98,3900
41,3901
176,3902
20,3903
168,3904
89,3905
48,3906
176,3907
58,3908
73,3909
62,3910
96,3911
47,3912
64,3913
65,3914
43,3915
53,3916
67,3917
224,3918
138,3919
126,3920
142,3921
112,3922
188,3923
359,3924
58,3925
73,3926
375,3927
2,3928
34,3929
125,3930
23,3931
101,3932
49,3933
461,3934
462,3935
101,3936
176,3937
46,3938
93,3939
5,3940
36,3941
54,3942
149,3943
4,3944
93,3945
93,3946
93,3947
47,3948
82,3949
93,3950
351,3951
93,3952
20,3953
36,3954
17,3955
129,3956
217,3957
125,3958
125,3959
12,3960
188,3961
47,3962
125,3963
125,3964
124,3965
125,3966
125,3967
125,3968
125,3969
254,3970
124,3971
65,3972
65,3973
67,3974
254,3975
65,3976
76,3977
5,3978
40,3979
82,3980
58,3981
254,3982
5,3983
26,3984
217,3985
47,3986
53,3987
5,3988
178,3989
126,3990
46,3991
106,3992
106,3993
16,3994
140,3995
212,3996
212,3997
249,3998
96,3999
10,4000
164,4001
463,4002
211,4003
254,4004
1,4005
119,4006
184,4007
164,4008
30,4009
168,4010
24,4011
17,4012
46,4013
26,4014
16,4015
80,4016
40,4017
80,4018
128,4019
148,4020
46,4021
80,4022
14,4023
201,4024
249,4025
244,4026
249,4027
164,4028
255,4029
324,4030
65,4031
255,4032
5,4033
90,4034
234,4035
10,4036
97,4037
59,4038
10,4039
10,4040
167,4041
140,4042
37,4043
95,4044
254,4045
330,4046
195,4047
97,4048
97,4049
3,4050
291,4051
464,4052
292,4053
104,4054
276,4055
249,4056
80,4057
184,4058
184,4059
184,4060
183,4061
183,4062
36,4063
307,4064
17,4065
136,4066
104,4067
27,4068
164,4069
92,4070
131,4071
264,4072
54,4073
53,4074
465,4075
209,4076
86,4077
53,4078
43,4079
299,4080
43,4081
49,4082
195,4083
49,4084
49,4085
146,4086
146,4087
146,4088
362,4089
136,4090
16,4091
146,4092
146,4093
198,4094
146,4095
309,4096
249,4097
209,4098
190,4099
43,4100
43,4101
2,4102
103,4103
82,4104
177,4105
209,4106
98,4107
104,4108
5,4109
86,4110
142,4111
86,4112
65,4113
429,4114
149,4115
254,4116
216,4117
67,4118
131,4119
244,4120
151,4121
151,4122
466,4123
131,4124
467,4125
86,4126
27,4127
65,4128
128,4129
264,4130
169,4131
5,4132
11,4133
49,4134
352,4135
49,4136
26,4137
49,4138
49,4139
49,4140
49,4141
49,4142
49,4143
7,4144
204,4145
151,4146
26,4147
62,4148
80,4149
15,4150
46,4151
97,4152
82,4153
15,4154
32,4155
49,4156
344,4157
468,4158
59,4159
37,4160
30,4161
58,4162
86,4163
1,4164
53,4165
469,4166
362,4167
31,4168
309,4169
45,4170
53,4171
109,4172
30,4173
470,4174
216,4175
255,4176
27,4177
186,4178
8,4179
66,4180
198,4181
133,4182
5,4183
5,4184
5,4185
65,4186
105,4187
7,4188
142,4189
65,4190
471,4191
141,4192
472,4193
37,4194
244,4195
249,4196
21,4197
17,4198
5,4199
17,4200
64,4201
64,4202
64,4203
26,4204
97,4205
64,4206
4,4207
210,4208
43,4209
105,4210
34,4211
2,4212
57,4213
47,4214
80,4215
197,4216
205,4217
3,4218
2,4219
80,4220
230,4221
162,4222
86,4223
80,4224
183,4225
137,4226
87,4227
173,4228
208,4229
101,4230
97,4231
84,4232
43,4233
136,4234
7,4235
157,4236
48,4237
4,4238
264,4239
201,4240
12,4241
96,4242
148,4243
96,4244
126,4245
96,4246
162,4247
96,4248
5,4249
121,4250
81,4251
67,4252
5,4253
157,4254
5,4255
149,4256
49,4257
30,4258
4,4259
278,4260
278,4261
255,4262
141,4263
73,4264
64,4265
184,4266
73,4267
73,4268
289,4269
152,4270
90,4271
86,4272
295,4273
30,4274
131,4275
320,4276
7,4277
320,4278
49,4279
131,4280
67,4281
131,4282
131,4283
131,4284
216,4285
15,4286
131,4287
131,4288
39,4289
146,4290
65,4291
332,4292
332,4293
17,4294
131,4295
131,4296
73,4297
244,4298
249,4299
7,4300
352,4301
295,4302
65,4303
202,4304
119,4305
64,4306
17,4307
5,4308
110,4309
5,4310
65,4311
26,4312
113,4313
254,4314
231,4315
136,4316
5,4317
5,4318
236,4319
5,4320
131,4321
231,4322
43,4323
5,4324
57,4325
65,4326
473,4327
322,4328
21,4329
12,4330
256,4331
142,4332
53,4333
254,4334
92,4335
190,4336
5,4337
5,4338
82,4339
82,4340
68,4341
149,4342
96,4343
149,4344
64,4345
26,4346
27,4347
182,4348
5,4349
90,4350
256,4351
244,4352
48,4353
244,4354
244,4355
244,4356
48,4357
244,4358
48,4359
1,4360
17,4361
99,4362
17,4363
216,4364
43,4365
5,4366
43,4367
154,4368
15,4369
141,4370
190,4371
278,4372
12,4373
168,4374
24,4375
37,4376
97,4377
42,4378
42,4379
46,4380
94,4381
36,4382
36,4383
46,4384
36,4385
179,4386
36,4387
116,4388
86,4389
30,4390
286,4391
234,4392
195,4393
149,4394
29,4395
69,4396
5,4397
217,4398
245,4399
6,4400
154,4401
94,4402
249,4403
94,4404
94,4405
201,4406
244,4407
7,4408
18,4409
133,4410
65,4411
191,4412
45,4413
127,4414
69,4415
244,4416
474,4417
184,4418
47,4419
262,4420
1,4421
17,4422
254,4423
45,4424
164,4425
140,4426
195,4427
81,4428
126,4429
316,4430
119,4431
278,4432
119,4433
10,4434
76,4435
90,4436
26,4437
475,4438
104,4439
131,4440
26,4441
129,4442
211,4443
278,4444
406,4445
82,4446
162,4447
278,4448
1,4449
278,4450
195,4451
278,4452
215,4453
69,4454
121,4455
30,4456
131,4457
136,4458
69,4459
104,4460
18,4461
264,4462
137,4463
94,4464
104,4465
80,4466
21,4467
422,4468
104,4469
249,4470
476,4471
363,4472
30,4473
210,4474
3,4475
477,4476
213,4477
140,4478
136,4479
136,4480
213,4481
126,4482
20,4483
142,4484
195,4485
212,4486
104,4487
40,4488
121,4489
142,4490
136,4491
86,4492
49,4493
33,4494
216,4495
126,4496
17,4497
86,4498
86,4499
12,4500
28,4501
478,4502
479,4503
112,4504
47,4505
197,4506
129,4507
68,4508
87,4509
480,4510
481,4511
482,4512
126,4513
483,4514
129,4515
142,4516
22,4517
41,4518
218,4519
104,4520
73,4521
162,4522
73,4523
104,4524
2,4525
162,4526
174,4527
325,4528
82,4529
131,4530
15,4531
196,4532
131,4533
42,4534
37,4535
11,4536
11,4537
11,4538
1,4539
11,4540
37,4541
68,4542
213,4543
40,4544
17,4545
249,4546
11,4547
98,4548
46,4549
484,4550
69,4551
67,4552
15,4553
12,4554
201,4555
144,4556
144,4557
90,4558
47,4559
86,4560
67,4561
102,4562
67,4563
20,4564
31,4565
195,4566
80,4567
80,4568
126,4569
201,4570
43,4571
69,4572
137,4573
64,4574
4,4575
40,4576
96,4577
85,4578
249,4579
80,4580
96,4581
485,4582
242,4583
12,4584
249,4585
12,4586
12,4587
168,4588
80,4589
162,4590
242,4591
79,4592
17,4593
40,4594
17,4595
76,4596
142,4597
26,4598
21,4599
17,4600
187,4601
351,4602
244,4603
96,4604
12,4605
200,4606
4,4607
212,4608
144,4609
228,4610
228,4611
228,4612
182,4613
182,4614
12,4615
111,4616
131,4617
249,4618
249,4619
216,4620
2,4621
58,4622
211,4623
209,4624
209,4625
15,4626
110,4627
278,4628
486,4629
197,4630
14,4631
97,4632
65,4633
157,4634
263,4635
195,4636
12,4637
94,4638
80,4639
80,4640
200,4641
80,4642
80,4643
244,4644
140,4645
32,4646
205,4647
244,4648
351,4649
105,4650
198,4651
21,4652
73,4653
233,4654
98,4655
126,4656
126,4657
126,4658
121,4659
487,4660
276,4661
295,4662
53,4663
47,4664
249,4665
141,4666
133,4667
22,4668
173,4669
488,4670
104,4671
47,4672
76,4673
177,4674
57,4675
22,4676
7,4677
73,4678
141,4679
197,4680
146,4681
94,4682
7,4683
489,4684
73,4685
75,4686
75,4687
126,4688
220,4689
102,4690
490,4691
177,4692
80,4693
26,4694
94,4695
105,4696
146,4697
126,4698
299,4699
491,4700
79,4701
136,4702
6,4703
492,4704
58,4705
248,4706
216,4707
21,4708
80,4709
162,4710
319,4711
299,4712
162,4713
28,4714
17,4715
118,4716
121,4717
181,4718
162,4719
76,4720
493,4721
268,4722
102,4723
12,4724
105,4725
105,4726
105,4727
268,4728
23,4729
23,4730
167,4731
47,4732
377,4733
179,4734
45,4735
43,4736
43,4737
43,4738
249,4739
43,4740
17,4741
17,4742
43,4743
355,4744
211,4745
167,4746
59,4747
110,4748
146,4749
64,4750
487,4751
295,4752
17,4753
141,4754
494,4755
17,4756
264,4757
86,4758
110,4759
140,4760
249,4761
316,4762
86,4763
328,4764
92,4765
27,4766
195,4767
255,4768
101,4769
184,4770
6,4771
48,4772
69,4773
69,4774
29,4775
90,4776
274,4777
47,4778
291,4779
121,4780
17,4781
495,4782
65,4783
167,4784
249,4785
205,4786
6,4787
496,4788
49,4789
49,4790
22,4791
164,4792
90,4793
497,4794
77,4795
105,4796
157,4797
66,4798
73,4799
149,4800
121,4801
67,4802
86,4803
2,4804
157,4805
2,4806
67,4807
64,4808
234,4809
177,4810
43,4811
100,4812
26,4813
86,4814
109,4815
498,4816
181,4817
84,4818
273,4819
47,4820
90,4821
46,4822
101,4823
22,4824
136,4825
66,4826
82,4827
54,4828
22,4829
106,4830
106,4831
106,4832
186,4833
132,4834
205,4835
43,4836
499,4837
99,4838
99,4839
121,4840
53,4841
292,4842
292,4843
91,4844
7,4845
121,4846
205,4847
212,4848
86,4849
60,4850
208,4851
133,4852
86,4853
190,4854
65,4855
65,4856
32,4857
65,4858
22,4859
64,4860
205,4861
90,4862
131,4863
106,4864
106,4865
191,4866
45,4867
55,4868
186,4869
69,4870
43,4871
97,4872
5,4873
86,4874
177,4875
5,4876
157,4877
236,4878
231,4879
5,4880
6,4881
102,4882
320,4883
318,4884
164,4885
69,4886
500,4887
96,4888
43,4889
27,4890
197,4891
43,4892
69,4893
5,4894
115,4895
30,4896
43,4897
278,4898
34,4899
75,4900
57,4901
43,4902
22,4903
501,4904
17,4905
84,4906
43,4907
90,4908
73,4909
62,4910
149,4911
73,4912
21,4913
22,4914
325,4915
49,4916
90,4917
49,4918
90,4919
73,4920
502,4921
322,4922
9,4923
181,4924
34,4925
99,4926
503,4927
6,4928
504,4929
47,4930
65,4931
90,4932
27,4933
129,4934
320,4935
6,4936
6,4937
224,4938
58,4939
116,4940
58,4941
116,4942
111,4943
81,4944
62,4945
112,4946
1,4947
58,4948
1,4949
505,4950
112,4951
9,4952
58,4953
62,4954
9,4955
92,4956
14,4957
47,4958
155,4959
249,4960
274,4961
45,4962
92,4963
104,4964
126,4965
43,4966
76,4967
76,4968
164,4969
22,4970
48,4971
244,4972
228,4973
254,4974
278,4975
104,4976
308,4977
212,4978
24,4979
256,4980
95,4981
22,4982
178,4983
92,4984
140,4985
93,4986
492,4987
129,4988
46,4989
86,4990
224,4991
121,4992
97,4993
406,4994
218,4995
58,4996
136,4997
408,4998
17,4999
126,5000
